country,iso3,inform_risk_score,risk_label,lat_grid,lon_grid,eq_count,eq_mag_mean,eq_mag_max,eq_depth_mean
Afghanistan,AFG,7.7,High,34.0,68.0,51,4.750980392156863,5.9,45.483647058823536
Albania,ALB,3.0,Low,42.0,20.0,6,5.066666666666666,5.7,7.5
Algeria,DZA,3.4,Low,32.0,0.0,1,4.5,4.5,10.0
Angola,AGO,5.3,Medium,-14.0,20.0,1,4.6,4.6,10.0
Argentina,ARG,3.1,Low,-38.0,-64.0,1,4.5,4.5,10.0
Armenia,ARM,3.0,Low,40.0,44.0,9,4.877777777777777,5.3,9.94888888888889
Australia,AUS,2.4,Low,-22.0,132.0,1,4.9,4.9,10.0
Austria,AUT,2.4,Low,46.0,14.0,1,4.7,4.7,10.0
Azerbaijan,AZE,4.1,Medium,40.0,48.0,25,4.956,6.8,30.93084
Bangladesh,BGD,6.1,High,24.0,90.0,13,4.723076923076923,5.3,21.113076923076925
Belgium,BEL,2.6,Low,50.0,4.0,1,4.8,4.8,10.0
Belize,BLZ,3.1,Low,16.0,-88.0,26,4.9,7.3,13.585384615384616
Benin,BEN,5.1,Medium,6.0,4.0,1,4.5,4.5,10.0
Bhutan,BTN,2.7,Low,28.0,90.0,26,4.838461538461538,6.3,13.326923076923077
Bolivia,BOL,4.2,Medium,-18.0,-64.0,10,4.74,5.3,26.93
Bosnia and Herzegovina,BIH,3.3,Low,44.0,18.0,3,4.6000000000000005,4.8,9.086666666666666
Botswana,BWA,2.9,Low,-24.0,24.0,10,4.95,6.5,13.453999999999999
Brazil,BRA,5.1,Medium,-14.0,-50.0,1,5.0,5.0,10.0
Brunei Darussalam,BRN,2.3,Low,4.0,114.0,1,4.5,4.5,24.7
Bulgaria,BGR,2.6,Low,42.0,26.0,2,4.6,4.6,10.0
Burundi,BDI,5.8,Medium,-2.0,30.0,1,5.9,5.9,40.0
Cabo Verde,CPV,2.1,Low,16.0,-26.0,1,5.3,5.3,10.0
Cambodia,KHM,4.4,Medium,14.0,108.0,5,4.64,4.8,9.995000000000001
Cameroon,CMR,6.6,High,4.0,10.0,1,4.6,4.6,10.0
Chile,CHL,3.1,Low,-36.0,-72.0,262,4.833206106870229,7.0,46.18110687022901
China,CHN,2.9,Low,36.0,104.0,2,4.6,4.7,10.0
Colombia,COL,5.2,Medium,4.0,-74.0,24,4.854166666666667,6.1,46.23291666666666
Congo,COG,4.7,Medium,0.0,16.0,1,4.6,4.6,10.0
Congo DR,COD,7.7,High,-4.0,22.0,3,4.533333333333333,4.6,10.0
Costa Rica,CRI,3.3,Low,10.0,-84.0,15,4.593333333333334,5.2,16.621333333333332
Côte d'Ivoire,CIV,4.5,Medium,8.0,-10.0,2,4.65,4.8,10.0
Croatia,HRV,2.5,Low,46.0,16.0,3,4.866666666666666,5.1,10.0
Cuba,CUB,3.3,Low,20.0,-78.0,2,4.9,5.0,10.0
Cyprus,CYP,2.8,Low,36.0,34.0,18,4.699999999999999,5.5,11.68311111111111
Czech Republic,CZE,1.8,Low,50.0,16.0,36,4.663888888888889,5.0,5.064527777777778
Denmark,DNK,1.3,Low,52.0,8.0,1,4.5,4.5,5.5
Djibouti,DJI,4.8,Medium,12.0,42.0,15,4.86,5.4,10.033333333333333
Dominican Republic,DOM,4.2,Medium,18.0,-70.0,55,4.713818181818182,5.8,83.88770909090908
Ecuador,ECU,5.4,Medium,-2.0,-78.0,69,4.83768115942029,7.1,151.38020289855072
Egypt,EGY,4.3,Medium,26.0,30.0,1,4.7,4.7,10.0
El Salvador,SLV,4.0,Medium,14.0,-88.0,20,4.805,5.4,17.056
Equatorial Guinea,GNQ,3.3,Low,4.0,10.0,1,4.6,4.6,10.0
Eritrea,ERI,4.3,Medium,16.0,40.0,18,4.716666666666667,5.5,10.729444444444445
Eswatini,SWZ,3.2,Low,-26.0,30.0,1,4.6,4.6,5.0
Ethiopia,ETH,6.9,High,10.0,40.0,7,4.642857142857143,5.0,10.65
Fiji,FJI,3.0,Low,-16.0,178.0,18,5.083333333333333,6.2,24.24811111111111
France,FRA,2.6,Low,44.0,4.0,1,4.8,4.8,10.0
Gabon,GAB,3.6,Medium,-2.0,10.0,9,4.822222222222222,5.5,9.777777777777779
Gambia,GMB,4.0,Medium,10.0,-14.0,1,5.0,5.0,10.0
Georgia,GEO,3.3,Low,42.0,44.0,13,4.669230769230769,5.3,32.861538461538466
Germany,DEU,2.6,Low,52.0,8.0,1,4.5,4.5,5.5
Greece,GRC,2.9,Low,40.0,22.0,14,4.7,5.3,10.484357142857144
Guatemala,GTM,5.2,Medium,16.0,-90.0,1,4.5,4.5,10.0
Guinea,GIN,4.7,Medium,10.0,-12.0,1,4.6,4.6,13.66
Guinea-Bissau,GNB,4.1,Medium,10.0,-14.0,1,5.0,5.0,10.0
Guyana,GUY,3.8,Medium,2.0,-60.0,2,5.15,5.5,7.605
Haiti,HTI,7.4,High,18.0,-72.0,56,4.726785714285714,6.4,29.899624999999997
Honduras,HND,5.5,Medium,16.0,-86.0,38,4.907894736842105,6.1,14.93421052631579
Hungary,HUN,2.3,Low,48.0,20.0,1,5.0,5.0,6.462
India,IND,5.3,Medium,22.0,80.0,2,4.85,5.0,21.5
Indonesia,IDN,4.5,Medium,-2.0,114.0,1,4.7,4.7,36.2
Iran,IRN,5.9,Medium,32.0,54.0,3,4.8999999999999995,5.2,17.666666666666668
Iraq,IRQ,5.7,Medium,34.0,44.0,82,4.8012195121951216,7.3,12.635121951219512
Ireland,IRL,2.2,Low,52.0,-4.0,1,4.8,4.8,9.4
Israel,ISR,2.9,Low,30.0,34.0,4,4.725,5.3,15.899999999999999
Italy,ITA,3.0,Low,42.0,12.0,45,5.015555555555555,6.6,9.340444444444444
Jamaica,JAM,3.0,Low,18.0,-78.0,22,4.822727272727272,5.8,12.806818181818182
Japan,JPN,2.0,Low,36.0,138.0,189,4.833862433862434,6.6,47.7142962962963
Jordan,JOR,3.9,Medium,30.0,34.0,4,4.725,5.3,15.899999999999999
Kazakhstan,KAZ,2.7,Low,46.0,70.0,1,5.3,5.3,33.0
Kenya,KEN,5.8,Medium,2.0,36.0,2,5.1,5.2,10.0
Korea DPR,PRK,4.6,Medium,40.0,128.0,6,5.183333333333333,6.3,1.6666666666666667
Korea Republic of,KOR,2.0,Low,36.0,128.0,5,4.9799999999999995,5.5,12.919999999999998
Kuwait,KWT,2.7,Low,30.0,48.0,47,4.738297872340425,5.6,22.5368085106383
Kyrgyzstan,KGZ,3.5,Low,42.0,74.0,10,4.83,5.1,15.395
Lao PDR,LAO,3.6,Medium,20.0,102.0,7,4.642857142857143,4.9,11.017142857142858
Lebanon,LBN,6.6,High,34.0,36.0,1,4.6,4.6,10.0
Lesotho,LSO,4.0,Medium,-28.0,28.0,4,4.725,4.9,5.0
Liberia,LBR,4.7,Medium,8.0,-10.0,2,4.65,4.8,10.0
Madagascar,MDG,5.2,Medium,-16.0,48.0,2,4.6,4.7,10.0
Malawi,MWI,4.7,Medium,-14.0,34.0,3,4.733333333333333,4.8,11.266666666666666
Malaysia,MYS,3.2,Low,8.0,108.0,5,5.04,5.3,10.0
Maldives,MDV,2.1,Low,4.0,74.0,1,4.9,4.9,10.0
Mauritania,MRT,5.0,Medium,22.0,-12.0,1,4.6,4.6,10.0
Mexico,MEX,4.8,Medium,24.0,-102.0,1,4.6,4.6,33.0
Moldova Republic of,MDA,3.5,Low,44.0,28.0,1,4.8,4.8,31.2
Mongolia,MNG,2.7,Low,48.0,104.0,1,4.5,4.5,10.0
Montenegro,MNE,2.5,Low,42.0,20.0,6,5.066666666666666,5.7,7.5
Morocco,MAR,3.6,Medium,32.0,-6.0,6,4.633333333333334,5.0,9.716666666666667
Mozambique,MOZ,6.9,High,-18.0,34.0,10,4.85,5.5,10.7
Myanmar,MMR,6.9,High,18.0,96.0,30,4.806666666666667,6.0,11.643333333333334
Namibia,NAM,4.2,Medium,-22.0,16.0,1,4.8,4.8,10.0
Nepal,NPL,4.4,Medium,28.0,84.0,26,4.961538461538462,7.8,17.548076923076923
Netherlands,NLD,2.5,Low,50.0,6.0,1,4.8,4.8,17.2
New Zealand,NZL,1.5,Low,-40.0,174.0,117,4.7666666666666675,6.1,158.5911623931624
Nicaragua,NIC,4.4,Medium,12.0,-86.0,3,5.066666666666666,5.6,75.10000000000001
Niger,NER,7.4,High,18.0,10.0,1,4.6,4.6,10.0
North Macedonia,MKD,2.7,Low,42.0,22.0,6,4.716666666666666,5.6,10.916666666666666
Oman,OMN,2.3,Low,22.0,58.0,1,4.9,4.9,10.0
Pakistan,PAK,6.4,High,30.0,70.0,16,4.7125,5.4,18.69125
Panama,PAN,4.1,Medium,8.0,-80.0,18,5.066666666666666,6.1,49.65933333333333
Papua New Guinea,PNG,6.3,High,-6.0,144.0,267,4.823220973782771,6.2,83.24902247191012
Paraguay,PRY,2.9,Low,-20.0,-56.0,1,4.9,4.9,10.0
Peru,PER,4.5,Medium,-10.0,-74.0,3,4.833333333333333,5.2,115.29666666666667
Philippines,PHL,5.2,Medium,12.0,122.0,107,4.78411214953271,6.1,27.867317757009346
Poland,POL,2.5,Low,50.0,18.0,2,4.65,4.8,7.5
Portugal,PRT,1.9,Low,40.0,-8.0,1,4.5,4.5,6.2
Qatar,QAT,1.2,Low,26.0,52.0,83,4.780722891566265,5.8,17.05696385542169
Romania,ROU,2.9,Low,44.0,26.0,57,4.792982456140351,5.9,117.44019298245613
Rwanda,RWA,4.3,Medium,-2.0,30.0,1,5.9,5.9,40.0
Saudi Arabia,SAU,2.3,Low,28.0,46.0,2,4.65,4.7,10.0
Senegal,SEN,4.2,Medium,10.0,-14.0,1,5.0,5.0,10.0
Serbia,SRB,3.3,Low,44.0,20.0,3,4.666666666666667,4.8,10.0
Sierra Leone,SLE,4.5,Medium,10.0,-12.0,1,4.6,4.6,13.66
Slovakia,SVK,2.8,Low,48.0,20.0,1,5.0,5.0,6.462
Slovenia,SVN,2.5,Low,46.0,14.0,1,4.7,4.7,10.0
Somalia,SOM,8.2,High,10.0,46.0,8,4.8125,5.4,12.64
South Africa,ZAF,4.2,Medium,-30.0,24.0,1,4.7,4.7,5.0
South Sudan,SSD,8.3,High,4.0,32.0,4,4.625,4.8,10.0
Spain,ESP,2.6,Low,42.0,-2.0,7,4.714285714285714,4.8,4.428571428571429
Sri Lanka,LKA,3.3,Low,10.0,80.0,1,5.2,5.2,10.0
Suriname,SUR,3.1,Low,4.0,-52.0,1,5.0,5.0,10.0
Sweden,SWE,1.9,Low,60.0,14.0,1,4.6,4.6,15.84
Switzerland,CHE,1.8,Low,46.0,8.0,1,4.5,4.5,2.9
Syria,SYR,7.5,High,34.0,38.0,1,4.6,4.6,10.0
Tajikistan,TJK,4.0,Medium,38.0,72.0,277,4.790252707581228,7.2,46.59137184115523
Tanzania,TZA,4.8,Medium,-6.0,34.0,57,4.677192982456141,5.5,10.777333333333333
Thailand,THA,4.2,Medium,16.0,100.0,1,4.5,4.5,10.0
Timor-Leste,TLS,3.7,Medium,-8.0,126.0,298,4.754697986577182,7.3,219.62284899328859
Togo,TGO,5.3,Medium,6.0,4.0,1,4.5,4.5,10.0
Trinidad and Tobago,TTO,3.0,Low,10.0,-62.0,38,4.9526315789473685,6.1,42.509473684210526
Tunisia,TUN,3.2,Low,34.0,8.0,6,4.883333333333333,5.2,17.599999999999998
Türkiye,TUR,5.2,Medium,38.0,36.0,49,4.812244897959184,7.5,9.931285714285714
Turkmenistan,TKM,2.8,Low,40.0,62.0,11,4.672727272727273,4.9,13.75090909090909
Uganda,UGA,5.3,Medium,0.0,32.0,1,4.5,4.5,10.0
Ukraine,UKR,5.6,Medium,48.0,32.0,1,4.5,4.5,14.9
United Arab Emirates,ARE,2.0,Low,24.0,56.0,4,4.8,5.0,21.950000000000003
United Kingdom,GBR,2.1,Low,52.0,-4.0,1,4.8,4.8,9.4
United States of America,USA,3.2,Low,38.0,-98.0,1,4.5,4.5,5.0
Uzbekistan,UZB,3.2,Low,40.0,64.0,2,4.800000000000001,4.9,12.45
Venezuela,VEN,5.7,Medium,6.0,-66.0,1,4.5,4.5,13.2
Viet Nam,VNM,3.8,Medium,14.0,108.0,5,4.64,4.8,9.995000000000001
Yemen,YEM,8.0,High,14.0,50.0,16,4.9875,6.0,10.0
Zambia,ZMB,4.6,Medium,-12.0,28.0,3,4.8,5.3,10.0
Zimbabwe,ZWE,4.8,Medium,-20.0,30.0,1,4.5,4.5,10.0
